Accession,Family
KT149412,Adamaviridae
KJ547648,Adamaviridae
KP153485,Adamaviridae
KM821764,Adamaviridae
KP153447,Adamaviridae
KU043397,Adamaviridae
KM821755,Adamaviridae
FJ959082,Adamaviridae
KM573776,Adamaviridae
KM573767,Adamaviridae
KT732823,Adamaviridae
KT732819,Adamaviridae
KU043406,Adamaviridae
KF738877,Adamaviridae
KT149398,Adamaviridae
KM598396,Adamaviridae
KP153483,Adamaviridae
KP153468,Adamaviridae
JX185415,Adamaviridae
KP153404,Adamaviridae
KC248416,Adamaviridae
KT732816,Adamaviridae
KT732815,Adamaviridae
KT732817,Adamaviridae
MW562321,Anicreviridae
MH545533,Anicreviridae
JX908739,Anicreviridae
KF738885,Anicreviridae
KR528568,Anicreviridae
KP153409,Anicreviridae
KT732818,Anicreviridae
KR528548,Anicreviridae
MH617188,Anicreviridae
MF804498,Draupnirviridae
KP153423,Draupnirviridae
KP153408,Draupnirviridae
KM874300,Draupnirviridae
MW678988,Draupnirviridae
JN857329,Draupnirviridae
KJ641718,Draupnirviridae
MT815980,Draupnirviridae
KY302869,Draupnirviridae
MN928938,Draupnirviridae
KT149403,Draupnirviridae
MT138056,Draupnirviridae
JX904407,Draupnirviridae
MH617523,Draupnirviridae
KF738883,Draupnirviridae
KM598406,Draupnirviridae
HM228875,Draupnirviridae
MW588080,Draupnirviridae
KJ641722,Draupnirviridae
MW202677,Draupnirviridae
JX904581,Draupnirviridae
MH649188,Draupnirviridae
MH616869,Draupnirviridae
MT478515,Draupnirviridae
MT478521,Draupnirviridae
MW202764,Draupnirviridae
KY487847,Draupnirviridae
KY487945,Draupnirviridae
MT138071,Draupnirviridae
MT734813,Draupnirviridae
KJ641729,Draupnirviridae
KY487854,Draupnirviridae
MH617385,Draupnirviridae
JX904075,Draupnirviridae
KM874318,Draupnirviridae
MH616644,Draupnirviridae
KX246262,Draupnirviridae
KM874294,Draupnirviridae
JX185418,Draupnirviridae
MH648972,Draupnirviridae
MH617406,Draupnirviridae
MT181546,Draupnirviridae
MT263594,Draupnirviridae
MK012508,Draupnirviridae
MT478552,Draupnirviridae
MT478518,Draupnirviridae
MT478527,Draupnirviridae
MT478520,Draupnirviridae
MT263533,Draupnirviridae
KM972726,Draupnirviridae
MT815981,Draupnirviridae
OL704835,Draupnirviridae
MH188041,Draupnirviridae
MW202896,Draupnirviridae
KM382272,Draupnirviridae
MT734816,Draupnirviridae
KY487866,Draupnirviridae
MT478555,Draupnirviridae
KY312555,Draupnirviridae
KT149410,Draupnirviridae
MH649090,Draupnirviridae
MH617295,Draupnirviridae
MH617708,Draupnirviridae
MW697472,Draupnirviridae
KM598405,Draupnirviridae
MT478550,Draupnirviridae
MT263655,Draupnirviridae
MH617332,Gandrviridae
MN582096,Gandrviridae
MW202570,Gandrviridae
MW202822,Gandrviridae
KP153453,Gandrviridae
MH617353,Gandrviridae
MW202729,Gandrviridae
MW202851,Gandrviridae
JF713716,Kirkoviridae
KY370025,Kirkoviridae
MT457884,Kirkoviridae
KR902498,Kirkoviridae
MH617154,Kirkoviridae
KY370030,Kirkoviridae
JF713719,Kirkoviridae
JF713718,Kirkoviridae
OM095377,Kirkoviridae
KM573773,Kirkoviridae
LC708032,Kirkoviridae
KY370041,Kirkoviridae
KR528556,Ouroboviridae
KR528554,Ouroboviridae
MW588088,Ouroboviridae
MW202799,Ouroboviridae
MH617165,Ouroboviridae
MH616684,Ouroboviridae
MN891801,Ouroboviridae
MH616757,Ouroboviridae
KR528545,Ouroboviridae
MW562325,Ouroboviridae
MH617336,Ouroboviridae
MW588087,Ouroboviridae
KR528552,Ouroboviridae
MW697481,Ouroboviridae
MN928942,Ouroboviridae
MF327574,Ouroboviridae
KR528549,Ouroboviridae
KR528553,Ouroboviridae
MT138059,Ouroboviridae
MW588082,Ouroboviridae
MH648934,Ouroboviridae
MW202684,Ouroboviridae
KR528561,Ouroboviridae
KR528562,Ouroboviridae
MW588078,Ouroboviridae
MW202635,Ouroboviridae
MW202688,Ouroboviridae
MW202695,Ouroboviridae
MN582106,Ouroboviridae
JX904231,Ouroboviridae
MK433220,Ouroboviridae
MH649155,Ouroboviridae
KR528551,Ouroboviridae
MN891794,Ouroboviridae
MN928940,Ouroboviridae
MT138055,Ouroboviridae
MH649214,Ouroboviridae
MH617169,Ouroboviridae
MH617752,Ouroboviridae
MH617435,Ouroboviridae
KM874354,Ouroboviridae
MH617051,Ouroboviridae
KR528547,Ouroboviridae
KJ641738,Ouroboviridae
MG740721,Ouroboviridae
MH649205,Ouroboviridae
MH617453,Ouroboviridae
MH616801,Ouroboviridae
MH617703,Ouroboviridae
KT945163,Ouroboviridae
KJ206566,Pecoviridae
LC708001,Pecoviridae
MN621476,Pecoviridae
MH616647,Pecoviridae
LC708004,Pecoviridae
OQ599927,Pecoviridae
KY370035,Pecoviridae
KU043425,Pecoviridae
KT600066,Pecoviridae
MG571897,Pecoviridae
MW601954,Pecoviridae
MW601953,Pecoviridae
KM573766,Pecoviridae
MN379592,Pecoviridae
KU043424,Pecoviridae